1,BdQfVz,1,qPDLXFeESHqoXYWYEeJCOWRJPuDFDqeJuGXfFWMCZXsXUUusUffzGSvXZKqPXiYUOSjbzVBSSyiecQgcOg
2,zDenrWFIFP,2,gSaZhoqEvXOAVYcLRjeDqWHIwYHkAcRbIVAcHEGDslRmVsjnKDLoWfZBoyUZCAZsfsulYmkkiwqsVJqUlEgBogiCSVikFyvKndODmVrHqduJdgWIKbezdHBhowXqgzIskwoHZmIlkRUVDgz
3,CrvyYSJjrk,3,ghPoqyBuwSrUZayHOigkIXRzkjJWimSyrBsHHGLXJkXkyRwLARyfiwqSXDQAovzkzLSGMRSEXvnZWDHzkIbESsoYqscMfbSciHlEyRDDCOSQkWaLrkXnHhfmj
4,GuEclEdf,4,aYhPLfcMQHowUMmEjsvIPgOJdwdjIByKmXXPFiaLcHbKYsfBLDqMAGCRBJkAkBPfSDqVvRySuMKmehCDDokLBnkhzdojhEVOnbQuvihYUnRujdalrqDXoPwEFJOzParymP
5,JLRuichbed,5,QbLgMXXfXAouEQHzAFPiajZrXIPnAsDnAFfGbUdnBWLJEOjoykkdrRykryMdaOZFjFffSKvAcPmlYvlWVKhSeDORzJPSrmVzLdcyAIPwkmrXqaEEXZQdk
6,aqYHnc,6,EbyOuPiakXjHMLlUssGyiybEfvlMPOMUkLLyGkMLsZqOdnaZjUYMAFskaqyklJZvzKOSPVOJaqcVryXkXZLaYMiXKWVSXwj
7,ywLHvS,7,lsDYIqOMDAOVwLivoJbXiwsJHaRQIewhIWazbdhlfUkCwbjEEIoqsZsLXBHWMSsqrWkOzerPylHawLvEYZOhkswZSHzRcdAdVLicoUwrWHVZUQyXaqqhduzGhhegBwYWfZHAqZIZmcrgSUl
8,jkLLHXMloh,8,kkfCbsjeKDAbhZjerMlYoJaWkGwkASPmSIVgmZeVJnRAqXUeSQdGeiFFFfXwzfSMevfcKuarCzFJwQSqsiRhLojWkgmIAEmiVVmkPfkoGUZrQiq
9,sDBaUUXZys,9,JEXYadbuOQBmklqQgjYAIOrugfGiXQBecFwdXhKgMRkYgElhMnshPWzoEjCRIBGCemWyRYIUKiumOIyHPbsSAh
10,yXdJlkWEk,10,jwnIXKmjcvgzqcceLJvcvOeYklcfzscMScqnAJWSEfUqbSfrqCcuvAKdXbkMLmUulVMFljRSuswcOYYuLYslZUsQ
11,rzbWh,11,nDKqnaeVckhJRlEZrosuAqsSEqWZbRHVESCLMgMgqLUZPhRKZvnKUvogMazBDevbIRMZSbdliPSD
12,ryJKRbJrcf,12,IKKusLuGzLRXclUkolHUyMSMCazluHRaksqdQSeSornBUuiyobzRLnomdfFmkXvhllGuvOKuzlg
13,jkVPQF,13,rZoiLQaGSzOQSCkraUkgjiBihSLAkOuwwOhXwdPJcMamFbCSnGPOQzUEdZRqcbRokXWkoaSGyQDirDHaLmFckhsfJDcFwqqCvXSIkWOPGYvBohAn
14,oZrkiKIcMy,14,fmfWuWWgYOudCKJcyQgegYKSScmwIDqcmmuQWVjSWAEGBbkXzAGOXKzFaAOOsaWrQmjafzbvOvIQ
15,MARWzwkkC,15,BbZeJhWVKBzAVfFfXkunjOjUSWAPFlcrycjqUWbsWIwlVIWXGZaPfkksgdvqekGbgCfgDVFcdkHkfjasSsLyEJkfkGPKezzksZaaXLwuymIhkBRrHsMqbG
16,QCMXk,16,wZooCPbqOcSjYmZAaKJikChceKFHRdauAoPfSAFusKclcloIlVJOKVuuiiuLUYmWnJSWMbygzeAEyAyCsCmdCljhMWqrohMeQcucErbKRHyBXblsoimzlYOsBYkuDKngGPhbjkzqCAhGbFns
17,rrKSGGuwo,17,IADfUSHingIRlrcSgeXjnsnVULvbgySAvKfjYuSWKvqwPsbwXnSEglMqhFkqPBwPkKkgvwuahMZehzyPUweqCEbyeFfy
18,qslkymSS,18,SvnMayuZwQGbSbhzDHcdhwDkhdJugDovvKnugvhqMEAhUZkQKQwuVDOjaSYhuDoSUZqJbCVzSizfvZnPGWsdoQwVYhFsKeRzeDjvkeWULakGyvJSwloEJydKDYqslIZKedaiuhSFgCmhDFhGZDBjGF
19,MmoyK,19,loaYaIPAMXsWykUvaCVeDRfynBunOcWIkEuDrsPyfQXkcDXsDwQhEVmGsmvvFIEsjBahsJS
20,Cbbns,20,dhBROUyvjVZIqBAreoSkuYPwCVXbcavklLkyZQiRSChIEnZCcwBhSmSLeIuUeGlrCZqKIMjUeLDSkHbPUYuDmZvgHeeBMH
21,YLjRciabs,21,BIvOeyBvqHXUkykiwIadcFJHFHBPLWkGzGPrljOrBAmlvEEFkySycXRfEyYSXX
22,MkKlg,22,lDJdonQBBRovrCHShhHqLRnkuOyGlSRFlQfclbklwykcfGPkfrobWEjZcgk
23,nQFafdUJJf,23,kfRuafZgQUJkVAWSFPcBqEDRukIaDqhskyIvvVJaDvmDwSbqKjsiDVusGXhlrbyQyEDiRldwwBcYXwnraFrgOwSQBcOmfCvizVvvSasSmzWyzA
24,lLDnBU,24,AAMqQcisSWZDgAkPCcsAowKIGPKJJCQgfjJgbRSSrParJCcgkKSPZqDIfbHSCrmjiCJJGSzYVkokdVQRQwblfoKZCvzWiaVVaZFg
25,EvSocluQiA,25,ZvuuVIUXsMGhkAcASUfkSGbJgAlLmQoLvjcjkOyJoKVEjkalFivbbycRllsrKGyMLKukhsfXAuJrhCUsSJkmQSPQVYrCLMWHwEEPYDXgMaPBWqrZHYWO
26,iOfQWZ,26,RfkQUaSzgDXJnEbWreEkzduOZfCDlVZDSkMiJhGkQYSHrQEIuQCkbuqZsdkWaukiP
27,UkZhKHKS,27,kfOKWfsgkqGcPXfYsrQRXPrrqMHwfWvVLbrBjmmbUvXWCHuQooQMHOPvElbOjckwyYouBVVKnFjHzcvRJOKfcEZDXeGdbrhPwXhnwEjSalcKraSugEGHUgLIqRiDIdgPdGjkLwHaLocrkgd
28,agrrae,28,gwwIdOSeqvavdkrqmgXBCGOWagiewVBSZkeQZJBgloHyADgwWVHdScDvomhmcdSDHsuOohyqHIMSkKbWrwrksLeFJSlyDPIYkvFKvyofkfhSyfkwGQBkOGvSQnHGuRKsjXJGCIvnlzjXlkUULP
29,jXmOSMPaHr,29,HPHnqUdGISuhSEcGgBXIdcKsKuIWAnWSkbedKdSygFKoZEFakyfdGlPySAylEyjngsoMHOXZSIwYdXFeRSzFuAHkXKQlqGDlXQZSkHkznOvLSFU
30,bOKWvqDhOw,30,kOOiPBIJBnLLaHmmcUYbzQAisEbmbWsbAwaOYkudVkIqnHPgLDlJ
31,CzwzwWSWe,31,neXEHkEokYLsLdPwZCHsWMjOkQcWcQBrcBEwLArSFkezYKjShHSkFISUe
32,oCjDuAw,32,KdmEOKeraRIFzcyEkXBeMSLIgrHZzyCkQEOPkkhhkkXLkVUlZsebCOoKuSRwdByahJOqJSSKiAgOhXVrdVfDdFSWvPYCZ
33,kAOklHSFnh,33,wQHGEemIBiAUqdUDSBFqIXayjVwgZsavSjFmYCHkGraiVoAqselWhacSmcYXXSzFwSDqyOSMwukHmDSgUmVSuIghAZfkQefdKDYuIKwrkhokcuIFJqysORkKUvvWbCMHRoMSa
34,EOjjfkiAU,34,deKnDKcFyKcSSDVslQMJDEFgvuwBdsGnSHkEULXkJPGPBKeoWkuKycaBQKaBmZYsfMoqfCESMjLaHrGcOfgOajmojLHSqZSCZIavUHiDKPAzfkVQyMjIJIUcvWjSkvaCHnZSPvfjIFBPau
35,JXFKRBY,35,kBZdRYqukvSaSEcaSWVujDeOPlImgVBXQeBAcGVjlcZFFQSLkMnBGGJVavbBPcugfuZoacOFjZVkS
36,QiPHyAFo,36,gYPqklCJPduOlMbVQqwZGGmeUjCukwwlJbZSVHmEZSXAXHWZmOqInRfBhBuWKdQWiKkSQXcRMPbUeUkvwhkrAwzzBwMukakkDfiAonhPFZwVPiCkwaZ
37,oKRgcSOQ,37,yzmGEPkrnCOguZCkXQRreHeQoOhuwGLVCwkXhzJdsclZHVUSjVrulkLjblcSSEZjgYmSlEHYsEOchDyXCYlBfSZFWDYmiqFKVwmBPkhGmKkXFSDddfOyAsmAEfwYFqYnYjHOsjHdykIkdV
38,vhsjn,38,IkGGvZGGWwWSdErHiKubrjHCWFLOlddUoGqinSoIXHjQCMVGSBvoKkelJYsSkPqkqhOonZZiXSdvDOUuFOGJhiiaYQeLu
39,lahQAEa,39,LBvofoSuiOPlzLWbkRUFWPYSgzKwkvjZBKUzerJEQHAXBkPebsMCAW
40,UDuEDAFdZ,40,PQrvkBiKIYAUKMsgzLdwlWYQhFfjjsGfSPfBkhhAzCwkmisLmrcUwwglSdlzuoYlguoCGDCEsudBwIEeRdbkoQdBJloJBadSSGmnw
41,clSbJjJG,41,RwCbkdkgzOPcbAnwKXmMogBaLkWGFsPjnvdDXEGHQKWnyvEyeJKfGjCmiiARvZhJlRkZzXCdqlsvdomCgjLSZdqzrCnAGMLvReo
42,jCDnS,42,XJIQfmJUsdJenchDLGUmhSoAbEQZLkjJOcrohAajQdmEAHZIGiSDlyqkgsbyOWAkVRevlckBkLMAIMQJJYaOlFKdvehISqakm
43,QLwIkZRZ,43,HahucjbiyERjdkoRknuLYsXaeSdWaBUBQJPdSJKAORqEzuKAYKSczmOXBhAbJAcySPCMFarnyjkdqU
44,JWcVDUwWZl,44,KySPBhwkQzzWggOylVcKDMySisRoBGDKDkOAMqRviUJhqgVrUwXSSPoPKqkzqllCSZkLczQez
45,IkhFZ,45,KOzFVsRZUFEQImeZSPfROoLnFSSsLyLReoREdXBSGSRnqRlQVYAUMUnqGSWBkqUBcqHYQgCZiuLgLJzLMHozFUoZcCauondGDySQKsEMXSVEHDimkyZRsyWSBISSabgeqvEAMjvfmzgSbInPzkEaD
46,rSqXMAcVYj,46,dqCHWwLfeyywyzECJIfKjHvqUJjsHziKQEmcoBeOIaAsbWCahEozHdyZjcBDRBAMAXBXQhEnJuWkVOECiDCjJadgcZuydhOQPWIX
47,KYSYsOzifS,47,lIknwnysbGIlwHhAwRgJRXBgoUkVffWkqQwnDzAnaygjMunulqkFJuHkbObnRPzsqnUizlsGgYMyZskdQmAsOPCHVeCIziGDXSYgVbjXvIKoLdgheCLLLUDJwEAUSPnUjDYfMKDGkUkMslADnQYqu
48,ESMGfMkkvm,48,fSEvmVbESqsEBRAZiOROHcsIkoZdYrMIecaUnZJrksHDIRyqiuzDcEwQJHkjgDsDnhayeZDCyBhDrEW
49,rgzsWJg,49,fFHlirVIOXowZXGLqLYhgahrRPCSnSJZjelIYScZSVDfOIyuwirMaVPIfirShSwULKdMPO
50,OfszlWKDM,50,mEsfWGDuPSDbzJlAWLHhXlAVPfLMhyEgPKPQbZjLXdqUudELFIPiZXEmFjHLFZYnPrgwcgHuCkLIPagswozLfLwEnsWAmegiumJFdSLciRBBHkFKbUJbBaDHucJwdzinzHQVV
51,zyHBalXrwe,51,VIsvakfjlRRKcYkCVPoulXuKCkMInfnKXPUWdGoodGMgwsBPBEMvWBPQPkS
52,kBkLgQmE,52,hhzyzhClzXGDrlkHWQqBBzIdicneRMjDHIMadQqOmSrSSunuDeLqhmESsyozsdMfPzEoqJZrvmzCXUmiDGUFhSAIulMjXivcfYUlE
53,nSUodAuhIB,53,FZMLiIWPVyPgcFQriheIvQKVAScrvwazDBSqZvaZmSUdFdOkCEQngHXfKzoyLPFan
54,fqUglheGS,54,RSISLKfsDIqqbOFZaLgLmjSAwEDslfZLLFIGEKidBkavLRIHvvFwkLmMXrkFjgLLmcSMrSjAckjBGnQzFrqIAkHhGgGuaEvjRyrrwkakvEOLO
55,sPSGw,55,VWscUZwGOCLXdkAwyeybhVaDySDSoyOUkKhSWeywCHVqqKCVUkJeROWDCmlkFRkbkSOfXcqWYMrSSDnEzGMUYUoZQQCamDikczlibsCOfBjGPFkYKoAMZecCuFBkPoVSvFiEaRoFPaASZaK
56,nHedvKLzPI,56,MlFnQEZKASiBSdaMPjnBAXiGikokinSAYqUSAuqcWQqMlvwUZyVmnmdhZdqDrlqusXuhWVPaJInQqFCdkrdkudkRmQfFFXSXghSidWsZCLZOmjHkDfXAWIfS
57,VoBYBSR,57,hLQWDBFSkrwSoZuGfVzDrkwUknqhjRWwOFEZLksBQPEijzrweXAGFroBalMkACPDOdMEdqvVwnWlcrvfkLH
58,XwBZEqBMr,58,LRQQmMZCsMhawQSvLSkmXEdbijEnEKcdSUqDkeyDMagYygGbVREgiYIiGPWVikZyCVof
59,EdZkAeAEav,59,PsJcnkFnKjrwiUSimQbBYbSRSkhSsmOySOekhbSZzzjUqLRqinEXZOLzlBJRuYjGmKjZSSYHlFLIiZMsdJEeUbid
60,GBJVc,60,ClQdnHyJZUnsYmSMfjQoykqSDRSLfKeXeMvnXYGDquvivKFhiGGLrvYFcPjrHCjhRALjBCokLKmFCzSIhVDWKdJYIdJfkjCqROvKzjbcklJwWvMkSeEHqMAZCvQOHaqjFfdQrJbHcPuXmJhkZyK
61,hSjqvXHMH,61,SCmkCcDIGMbsZBiCkSkqqjWuvuiSefuoFOvPsGGldIqDbeVkQduLUDmLkBBvUdaaSWalqKyEulMkhlSJUgSVLoHnZBaArUg
62,vhBSDiQoGr,62,DLSAjlREboYWvEYocVAZWjlkJVmLnCuzcCuvScEWbZgajVQEbenBMmWzcjZDdfHBqBm
63,bIycG,63,uIbIOYWLdUFaPeIMEdccDeFbgWgDHsSLqUMJvfGeJsfzwFCVDSjgqQSjZnSgKMRvBoPSIHmLRWZKRhyUwjQoABmrIWdrgnQUHyngBwFucSdEoLVsgZenEBn
64,vSeSjXd,64,calVooaRXamuwkeMSKcGiAPkRukVYJLWZKCSdzWYzILYnOdkkCejeASSQGCSSvGHsrorsVgmfbXqLKzZWqHilKlOFEdW
65,vQwIick,65,ClJeVXnyzkkwyjrUEmeuLGweHWfHLHRAgJEmIqIZrSKgIkrFMWuXjKCcldaMRbCiMSSQWhuzXEkjbiQgmmLuIMyLfzLuwOaDhBaJoFWCOXVDSeUAgHFDiPLIfYuFLLeBXuDgjoGdekBbgkosMbHPRL
66,hOrWVH,66,DzllwkDkXUFrVQvEgkVmFvMzVLygvjKjgkcaRPsOOfmyBSXfdPAXnVJMrXSwIbshkHfVgysSlgMFqVgjLYubdSlUGhLRHwmYEYMeCUagqQFuwfDQZbJ
67,rEOEGkSwwl,67,SoOOhmvWKSJXMlHerOPZzkPPsSzXQyILdjyVyQwhcBAwXDGRRyJiOwSOByRiYeJJqyWrzySbwvKRQUbXkIViEkzjrhHUuhCcvdCCPrJaSEFvWQsiYfihjEqkrlKgFVzZIQJ
68,kPJWLcq,68,EMWrALJuFEafMISdnhaRnvIdlkkrRcRqdHqXVoSSPHkSKHUQLgZozKfqAqyaZuKAdbkEUsfkbBrAGrIQiAbwniZHIuUPPbLMUsOPnwIaoEuVlInAkLvwqLmkHAlbScDXQ
69,VkkJWuqHq,69,DFJWoQzGPmyfLzhVECVXykIDGkSbinJrOcziOMsDvWMXUwnkMGavoYuioUAFDoukRRYBddwynQvVUQJZlvkYkZcIkvHWRjwBhMyeAlbjmYzUKqYSrkbOQrPsEruo
70,UWbPeXXAOR,70,reHYZdjKkdwCWSwQaEKiicikzoqYqbEJwBLsCQjdEKGImXzPWhZqcokvfuVkzszw
71,CHDwr,71,wYCqAfEyEorQiFIEEocKLlggqIugjHJLhXXlkzWcFVUksqWVqoaorUXsHkLZuKcEOZQwYfPV
72,eJrkYyOFqB,72,SCXchYkSokeHVurQSCgYbVwbRLnSuAODObhiSWcAQUSwgnBKGIvWDo
73,dyeWCuPn,73,eZCruRDqvjSOCzWleDgWSbFkCzEEwEvKQswVgSVGiWAzlhAMICcziyCSOalkMEDRdJldSXLRyORcAHWhPmffGcqJPdShVWsOcqrXBoEXVBMIuujsmGYBUvnqULQzffrReMPOEPQ
74,dzSHeKXBKF,74,VfRVgnSnkhKjEGwbSLHkOkefjEhgekiJnBVShdErGALFUDBHqCPymnBMSHeOSvJdBPuAvHhIccRFBru
75,PwSyPhb,75,QnGyqlymGYQzmURzmZkBskLAQQUSBsqBYbrWfJXkFFqrIPMEUnAufMJbgCSYdMKELcVsosSGYuoVOCVrongRYXLYaXPshBYQeWhcKGHOLyaRsyXLgYbakgYBFlzMdIRjyysVYwLMRuCnL
76,RQfgE,76,lCedqoXeWKvhkRYvJzPfXASkSqWhcOYZPGkRmMCdhIyHWzFcSOXXvkwfWsHdRLZRgEFukAHdMVdcvAPlVOyGjdeGIXovSWgUFkdmyvHUQMlgJwDgaFFUSsYnnkvoboULrraRimqkVnJ
77,nmsfHjwnB,77,bojboiYwFWbshkvCXPeLkkvyPmBREnaYarwbSHIBjaCiQlEbGVGVUjDHFLwSFEGkgGSegGgQjCCrMWrhQZoVQCYmwfeRdGkLkXnYXKnkOwAWnDYkQnDkzBPrOMDoPKFsDRDueOeQqd
78,zgiGyWi,78,KjiirzMcYqKHYkCccOcGhhQRsJQJSyohnGCOfXmGZqjAreajfPDArKkZzoAMFaaqqZRgBDaAZhrjYCEoBRCjguSzdKOSmZKadPHCFHeduGHefMLJZlUrZhrgokeCFIJQLSSXVhfsWIqbPdQGr
79,KdUrVAIDY,79,OsWoyKQPSMHdcbsikMfjqgDeQnKeqBOURvqunQqWESQEJMGkokeSlSjfObWSeqeSSqgneezJSGCJKVKDFiaMScnjWGrlZSLkLVZAMh
80,kERAqD,80,bCDAXiOUfhOFZaIihPeoqhnXvrPDwhKjdWwLUPqMOjdHLOjSlKcBSBdZzubykiiswRhigESkGMZFPrevnrPYL
81,FCBSbDAoA,81,ykwoLPDXfLHianhVCkXkarPezuRMzoEAOziqMEzSlkEnfdWmelWMrbvmjCvMjDHCZCKBkCIPEMZXDLvKadPDralyhEAEmhhURQGjoYk
82,qOyjgUA,82,eKFQWGiHaWlDjlkFAkwFSLmeFkbKEcVZjgZseqQZLljuDAkyGVJMFEnByArzIvkWaibikfRbHjXwKMQHQnFzSguDYPwILZOCGDHlMWJAQJlDcsbdzlcvJOzYDkkdDQseYfASWDlGRkws
83,WaEDsY,83,mMjnoyCZzGBSyqrXwgrDakJekSHoGJCvJclhZOZukrzbOOwBdZQJoszmgnSuSoOHMVOcBPvOgUAooSojkUFCbkoWkslGvGrFVCvYKWzFrHkfPfbVwzWXEMP
84,gQisCUPSe,84,uPYRkSfMJQrCnIGSFMKdeEedGHIYrogBrlZnsnLlCKPRqMIEPHaDSWfCESKjfOjendPgu
85,WQcyqS,85,ZcBQwdyOczXIFUDebAOgsQrHGFZcGGJDDAbiAfdQDkzPZrUPkjFQSFUkesmXLnjdrlsIOfvgwFoAOWYwFsmJPfvRKPGjMqObUfSKcCAUlGbXvvariQJH
86,mgCKgvb,86,CSDDiiWzYkmBUoBCGSSAquzLYdUUIdohODkdIZBSjikOYXhgLUdVzkmnEIkDnfrRCQCGVEKYLuomnGzUrSJfUHYWSPKHUlFXaUBLCSwkkVPKyHUOdOYRXX
87,OqGUJdSc,87,yVUVwdzsrfGLfQBRufGnErFFZhSSoDyYZAzUDYgcdEEObVQAejuSImXaPrRMcgDFCAXceVsRcboboHLwbcAbWZIVZKMuBESXSVwVLXoSeUgSSfcESDUBJdMSFIXMmqFXaVQULyP
88,kkLMQl,88,zISmymRbzZsaRkOmUmivZZKVkuCgkvejhCvqKKkDyIPFEEgiWrIBXykUWZQgSqDFuOPkedYHMVHDCQJOiHXkgCIkshMFAKAkhVLDlZOfWSSEooViBfjhGkSjmdBvHjnMaGkWKUoL
89,rPkSRKVUz,89,KHRSbveofdQDLswZwkHhgKGMzCvDRXknnUbemHHnsdPmiInwOMvwyWvcoPhrcguKaPhkCzyhnwzKhzWbVHiEFhoakMXFnrkiSMWrmUkDUmoVQrciOlFLFbIZWsl
90,kOwkXs,90,fkWrDkuKEDEobvuLcSLeadOXKvyiXjsXsSUkdnfZzoOBgYZivCYkwG
91,VZLUbs,91,cbsBLrSFjSYuuwadwMHYrDRJFmHuuEgfEAJWiksSbwfzouYnsjHbIYueduZZLSXWVhMViWY
92,BKsWMHue,92,lrAhcDPzJKdyAXhKKIRBdRYdJjMSjFUdQOqjSiYmKUgfEPynBSLGbgsQwSzcBUECMkkVEvchB
93,jXAvwkkY,93,WdQFikkaahFQRCiIBfjsbWdIjFuveCszYoRcShlJYAOZDgUcLcnoyefihFmSufPcYrEvSLiHHkGvULLlFJqbeHcRSFzOYWseerBjAjCcPGWbQCmidGgYAbmILfKkwfiskCESkQ
94,KLGBXSWU,94,uouVjkVbVhslOveCoUZBUsIbgiWbLkVkFRmnUJrEgoeChrwByDyAXPjKkRMFijrCQbnogmzgPCPSlVEvoybJqAMBvRfCEAPsyjuFUkWouWgEEXGCEciLcmlQeoZoMncSRJRqSnbXZBoFDDXoYmQXR
95,DzLkEcz,95,HuyfkkORkJVOJgCiPKFEshkuGizVocuCBYHkcdFQiFcLuEkBkoMFJAHlqeyvXClGVgEsqGFOFlEUXkv
96,FCqOigh,96,vsRUkQgGdYShDKRYkeSewSIFdzzkKwjbuJSVFbdegQJYbUQBXnoJSMBEMeaYCoQE
97,dPhvsSUivO,97,QmkXyBkzLCFhwgCrcPqukhSYXdZSPaDEikCnMifYJzGQJZDgXgbJmcGq
98,XXCYDKYBnS,98,wGIdkmvIbWgvvWeJZbkanLdozBswFUXFvrfHubPUgzEHkFOzKWVMPMUYPyCnLjrGGlSeJMfVMehDZCgPhuZngJanhslkSIlHbZAoPFDPsJSvv
99,okvgr,99,jMiMroWZWdvmbWSMukugybgRVYnVlJFndmRqqSyVOvaUOqXbsvKAeKOsrYfFAYHzZuZZWGZEZMZlqvsEiZSWsmSFOKRPyQEFCUBerqSYjQlgCgkdgLHSIdDHnPkBXYGqLGfEhFwfSDAOvGjB
100,ockUUwkH,100,HjSzihSGKUzUkbyVrqkMwRGlSBRHSvnOhcoeWRwEdZquswkQkFOoKZbokiZWHvoDGAnLcgUlCj
